News,33
news,23
Hiroshima,21
hot,13
prebreak,13
best,13
Japan,10
India,10
yyc,10
Sismo,9
earthquake,8
abstorm,8
terrorism,8
ISIS,8
BBC,7
Earthquake,7
WX,7
hailstorm,7
disaster,6
world,6
Rohingya,6
MH370,6
CNN,6
okwx,6
Africa,6
Antioch,6
Fukushima,6
Bestnaijamade,6
wildfires,5
wildfire,5
Myanmar,5
Sittwe,5
drought,5
Libya,5
science,5
socialnews,5
Islam,5
RockyFire,4
BREAKING,4
California,4
Manchester,4
US,4
Zionist,4
Terrorist,4
Phoenix,4
StrategicPatience,4
Genocide,4
EarthQuake,4
islam,4
WorldNews,4
GBBO,4
Nuclear,4
Somalia,4
JapÌ_n,4
photography,4
Truth,4
god,4
Quran,4
Lies,4
IDFire,4
flood,3
flooding,3
Accident,3
KCA,3
VoteJKT48ID,3
NewYork,3
bioterrorism,3
IranDeal,3
breaking,3
USA,3
tech,3
preparedness,3
Business,3
UK,3
weather,3
tcot,3
floods,3
Buffalo,3
mumbai,3
wmata,3
ModiMinistry,3
Philippines,3
Prison,3
genocide,3
Syria,3
iPhone,3
USGS,3
Miami,3
Atlanta,3
Casper,3
Wildfire,3
Saudi,3
Nagasaki,3
Pakistan,3
arwx,3
yycstorm,3
Iran,3
hostages,3
AP,3
TS,3
NRI,3
TRS,3
TDP,3
BJP,3
Sinjar,3
hurricane,3
guillermo,3
World,3
landslide,3
mudslide,3
nuclear,3
refugees,3
Gabon,3
usNWSgov,3
Florida,2
traffic,2
RIP,2
MLB,2
yugvani,2
til_now,2
reuters,2
worldnews,2
NewsInTweets,2
Kisii,2
CountyNews,2
Udhampur,2
Mumbai,2
NowPlaying,2
frontpage,2
Bioterror,2
RickPerry,2
Palestinian,2
Australia,2
BlackLivesMatter,2
NYC,2
TweetLikeItsSeptember11th2001,2
Zionism,2
6,2
Newswatch,2
Ptbo,2
course,2
HannaPH,2
Bangladesh,2
cawx,2
follow,2
health,2
Blackpool,2
BeClearOnCancer,2
Malaysia,2
Palestine,2
Israel,2
WMATA,2
Metro,2
IndianNews,2
LosDelSonido,2
IvanBerroa,2
Worldnews,2
LatestNews,2
mÌ¼sica,2
NV,2
gawx,2
SM,2
quake,2
pakistan,2
China,2
fire,2
Solar,2
Nursing,2
Breaking,2
ProphetMuhammad,2
CA,2
039,2
LiveOnK2,2
KOIN6News,2
LIFE,2
9,2
Hiroshima70,2
SigAlert,2
NJTurnpike,2
RouteComplex,2
Indonesia,2
KOTAWeather,2
alberta,2
calgary,2
jamaicaplain,2
boston,2
1,2
Taiwan,2
foodscare,2
offers2go,2
NestleIndia,2
Magginoodle,2
ban,2
humanconsumption,2
Allah,2
Hellfire,2
Yazidis,2
Yazidi,2
MeteoEarth,2
RT,2
renew911health,2
PantherAttack,2
pics,2
FaroeIslands,2
DebateQuestionsWeWantToHear,2
Obama,2
ABC,2
FUKUSHIMA,2
TEPCO,2
guardian,2
NYTimes,2
Disaster,2
breakingnews,2
sandiego,2
360WiseNews,2
YoNews,2
SanDiego,2
AoMS,2
ibooklove,2
bookboost,2
mercados,2
premonitions,2
Palestinians,2
thunder,2
Thunderstorm,2
AR,2
NC,2
OK,2
stormchase,2
Amsterdam,2
Volcano,2
denver,2
billings,2
rapidcity,2
seattle,2
cheyenne,2
KerrickTrial,2
Kashmir,2
Alaska,1
CAfire,1
raining,1
TampaBay,1
Tampa,1
Flood,1
We,1
AFRICANBAZE,1
Bridgetown,1
Kurds,1
Diyala,1
climate,1
energy,1
NashvilleTraffic,1
SantaClara,1
BayArea,1
Traffic,1
TruckCrash,1
FortWorth,1
Ashville,1
Hagerstown,1
WHAG,1
Bahrain,1
Horrible,1
WatchTheVideo,1
BINLADEN,1
man,1
airport,1
airplane,1
aircraft,1
aeroplane,1
runway,1
accident,1
freaky,1
Crash,1
Aircraft,1
Airplane,1
Pilot,1
Death,1
CarFest,1
OMG,1
AirPlane,1
JetEngine,1
TurboJet,1
Boing,1
G90,1
RODKiai,1
EMSNe,1
DNA,1
worldNews,1
gilbert23,1
internetradio,1
collegeradi,1
Storm,1
Apocalypse,1
PBBan,1
armageddon,1
brics,1
roberts,1
russia,1
Directioners,1
LGBT,1
Lesbian,1
Arsonist,1
headlines,1
Nightbeat,1
2MinuteMix,1
SanFrancisco,1
nativehuman,1
myreligion,1
AllTheNews,1
palestine,1
volleyball,1
ableg,1
cdnpoli,1
nwo,1
PT,1
ColoradoAvalanche,1
Avalanche,1
nowplay,1
listen,1
radio,1
TCOT,1
phone,1
apple,1
mobile,1
orchardalley,1
LES,1
nyc,1
gardens,1
trucking,1
FedEx,1
anthrax,1
virus,1
infectiousdiseases,1
glanders,1
refugee,1
Israeli,1
Tweet4Taiji,1
tattoo,1
DecisionsOnDecisions,1
Insomnia,1
ThisDayInHistory,1
Handbag,1
Womens,1
EnolaGay,1
ElephantInTheRoom,1
Turkish,1
bannukes,1
bombed,1
BanTheBomb,1
canada,1
Setting4Success,1
smallbusiness,1
entrepreneur,1
pearlharbor,1
Generalnews,1
cricket,1
Yugvani,1
Ashes,1
TrainTragedy,1
computers,1
gadgets,1
slingnews,1
sustainability,1
9newsmornings,1
respect,1
TheStrain,1
newyork,1
kenya,1
langata,1
Albany,1
NY,1
PPSellsBabyParts,1
NH1News,1
Montgomery,1
history,1
MHT,1
myfitnesspal,1
SJUBB,1
Babies,1
Firefighters,1
AppreciativeInquiry,1
criticalmedia,1
pbs,1
iraq,1
Afghanistan,1
2015,1
Civilian,1
FTSN,1
FTSNNewsdesk,1
endangered,1
drone,1
boy,1
mix,1
nar,1
phuket,1
ScrapTrident,1
GravityMovie,1
Illinois,1
hazmat,1
Krefeld,1
benews,1
iJETalerts,1
FunnyNews,1
TalkRadio,1
Greece,1
bailout,1
theashes,1
wish,1
OneHeartOneMindOneCSS,1
TVJNews,1
gemma,1
bowe,1
TheDoolingGroup,1
ButGod,1
Hwy401,1
Cambridge,1
OPP,1
Colorado,1
MAPLERIDGE,1
QEW,1
Niagara,1
INCIDENT,1
PeritoEnGrafoscopia,1
rochdale,1
heywood,1
WeLoveYouLouis,1
MTVHottest,1
Hope,1
SKH,1
Chicago,1
Vanuatu,1
KurokoBot,1
ComDev,1
Asia,1
programs,1
komen,1
Kyee,1
NY35,1
Royals,1
pt,1
Glaucoma,1
eye,1
eyefacts,1
JSunNews,1
icd10,1
FETTILOOTCH,1
SLANGLUCCI,1
coyi,1
Cyprus,1
vaxshill,1
VRA50,1
Palermo,1
Shipwreck,1
Children,1
Deaths,1
INSAS,1
physician,1
CDCwhistleblower,1
nghlth,1
plague,1
publichealth,1
SeaWorld,1
OpSeaWorld,1
notrocketscience,1
aerospace,1
exec,1
sad,1
tragedy,1
innocent,1
crash,1
mh370,1
love,1
food,1
fun,1
KAMINDOZ,1
Video,1
ChildSexAbuse,1
Glimpses,1
AvigdorLiberman,1
Susiya,1
BacktoBack,1
ChargedUp,1
Media420,1
PapiCongress,1
BBSNews,1
download,1
watch,1
movie,1
gop,1
potus,1
irandeal,1
isis,1
washingtonpost,1
GOPDebate,1
kidscompany,1
deepthoughts,1
NDTV,1
TeamFollowBack,1
FollowBack,1
ChicagoScanner,1
IndiaTV,1
topstories,1
alt,1
electro,1
rock,1
comingsoon,1
Desolation,1
TheConspiracyTheory,1
NewEP,1
Ariz,1
StreetjamzDotNet,1
EverydayNaija,1
SemasirTalks,1
ABomb,1
survived,1
CNV,1
Putin,1
Boulder,1
FIYA,1
hiphop,1
indie,1
Appy,1
GujaratRiot,1
MumbaiRiot92,1
Modi,1
ChawalChorbjp,1
GeorgeCole,1
CNBC,1
HungerArticles,1
FirstNations,1
IdleNoMore,1
cndpoli,1
yyj,1
Thorium,1
BeyondtheBomb,1
Newyear,1
JakartaPost,1
Mediterranean,1
AfterHaiyan,1
Haiyan,1
YolandaPh,1
livelihood,1
disasterrecovery,1
theneeds,1
Recipes,1
Blowltan,1
Metepec,1
Mexico,1
NitClub,1
Foxnews,1
MSGDoing111WelfareWorks,1
Canada,1
displaced,1
RefugeesMatter,1
Nevada,1
MakeWaterWork,1
WesternCanadaDrought,1
cloud,1
IOT,1
weed,1
DroughtMonitor,1
Macon,1
WarnerRobins,1
Dublin,1
Milledgeville,1
DW,1
UFO4UBlogEurope,1
Alameda,1
coke,1
duststorm,1
idwx,1
EarthquakeNews,1
3Novices,1
CS,1
Anchorage,1
EarthTwerk,1
SCSeEstaPreparando,1
difficultpeople,1
Megaquake,1
UglyPeople,1
Columbus,1
ROWYSOLouisville,1
tigers,1
SaveTi,1
mumbailocals,1
lessonforlife,1
marinelines,1
WorstSummerJob,1
ArchipelagoWolves,1
Extinction,1
StandForWolves,1
firemen,1
firetruck,1
emergency,1
rescue,1
911,1
summertime,1
sirens,1
ProtectDenaliWolves,1
EMERGENCY,1
Emergency,1
Biztip,1
homeless,1
Cochrane,1
Olympia,1
hiring,1
Houston,1
SouthLine,1
TRAFFICALERT,1
RaheelSharif,1
Mets,1
UT,1
CO,1
OR,1
TenNews,1
evacuate,1
yemen,1
usa,1
evacuation,1
abandoned,1
murfreesboro,1
walmart,1
koin6news,1
manchesterlite,1
SR14,1
MoreVoices,1
Roosevelt,1
calfires,1
Lolla,1
Reidlake,1
NWT,1
YZF,1
NB,1
Medinah,1
ImKeepingMyDayJob,1
17,1
life,1
16,1
War,1
atomicbomb,1
ClimateChange,1
Anarchy,1
liveonKBAK,1
Russia,1
Bluebell,1
Russian,1
HopeinChrist,1
gunfail,1
nra,1
crimes,1
justice,1
courts,1
Seattle,1
Abha,1
Shipping,1
Logistics,1
LoveFood,1
reno,1
3,1
PrayForSaipan,1
999day,1
TN,1
alwx,1
grants,1
funds,1
WxKY,1
WEATHER,1
ENVIRONMENT,1
CLIMATE,1
NATURE,1
HUNwx,1
Laos,1
ukfloods,1
INSubcontinent,1
valleywx,1
VietNam,1
OCNJ,1
writingtips,1
FARRAKHAN,1
QUOTE,1
WorldVision,1
Paraguay,1
Dua,1
Typhoon,1
socal,1
RealHiphop,1
NaturalDisasters,1
climatechange,1
PalmOil,1
forest,1
bcpoli,1
canpoli,1
vanpoli,1
HeartDisease,1
straightfire,1
GoBlue,1
WrestleOn,1
