hot,18
prebreak,17
best,17
news,15
GBBO,13
islam,11
NowPlaying,10
nowplaying,10
jobs,9
EDM,8
DnB,8
Beyhive,8
Directioners,8
RT,7
Dubstep,7
TrapMusic,7
Dance,7
Ices,7
animalrescue,7
MTVHottest,6
hiring,6
Job,6
job,6
Nursing,6
Handbag,5
Womens,5
IranDeal,5
Seattle,5
Emmerdale,5
Fashion,5
SoundCloud,5
Jobs,5
News,5
nsfw,4
LGBT,4
kindle,4
BB17,4
fashion,4
BlueJays,4
Chemical,4
Dependency,4
business,4
technology,4
course,4
np,4
1,4
SummerFate,4
Hiring,4
ProphetMuhammad,4
art,4
Afterlife,4
7,4
RAmag,4
Models,4
Mayhem,4
Mets,3
PBBan,3
ARMAGEDDON,3
UltimaLucha,3
US,3
TBT,3
HarryBeCareful,3
cool,3
rockin,3
ArtistsUnited,3
FETTILOOTCH,3
SLANGLUCCI,3
emmerdale,3
tubestrike,3
Military,3
GamerGate,3
veterans,3
OTRAMETLIFE,3
sex,3
Allah,3
shoes,3
PantherAttack,3
military,3
RIOT,3
BlowMandyUp,3
oil,3
BBC,3
CNN,3
Islam,3
Truth,3
god,3
ISIS,3
terrorism,3
Quran,3
Lies,3
KerrickTrial,3
mufc,2
FantasticFour,2
gilbert23,2
DoubleCups,2
Love,2
TrueLove,2
romance,2
Voodoo,2
seduction,2
Astrology,2
RTRRT,2
LOTZ,2
apocalypse,2
Armageddon,2
5SOSFAM,2
VideoVeranoMTV,2
Avalanche,2
NHL,2
GOPDebate,2
world,2
socialmedia,2
listenlive,2
handbag,2
style,2
arts,2
oped,2
ENGvAUS,2
infosec,2
LoseIt,2
atk,2
StandwithPP,2
Denver,2
preparedness,2
Insurance,2
IMDb,2
savebees,2
Radio,2
Vancouver,2
Tech,2
innovation,2
Listen,2
WorstSummerJob,2
nikeplus,2
fitness,2
USA,2
AFC,2
AskCharley,2
CecilTheLion,2
Demolition,2
AllLivesMatter,2
IdentityTheft,2
Kindle,2
4,2
Destroy,2
Free,2
porn,2
thisiswhywecanthavenicethings,2
bancodeseries,2
Shelli,2
MissionHills,2
Healthcare,2
Kodiak,2
FIFA16,2
UK,2
TubeStrike,2
photo,2
puppy,2
tcot,2
LuchaUnderground,2
priceless,2
FARRAKHAN,2
QUOTE,2
wealth,2
forever,2
Hellfire,2
Reflect,2
Cowboys,2
4PlayThursdays,2
NoSurrender,2
blessed,2
ushanka,2
environment,2
BakeOffFriends,2
nuclear,2
JonVoyage,2
startup,2
onlinecommunities,2
reddit,2
radiation,2
refugees,2
360WiseNews,2
quote,2
trading,2
forex,2
MetroFmTalk,2
Chile,2
traumatised,2
thankU,2
sing,2
tsunami,2
computer,2
TheGame,2
Trump,2
Sale,2
metal,1
personalinjury,1
solicitor,1
OtleyHour,1
stlouis,1
caraccidentlawyer,1
ArrestPastorNganga,1
GrowingUpSpoiled,1
WisdomWed,1
lifehacks,1
silverwood,1
aftershock,1
book,1
now,1
wdyouth,1
biblestudy,1
justsaying,1
randomthought,1
ems,1
paramedics,1
ambulance,1
Fant4stic,1
LGM,1
AZ,1
WildHorses,1
TantoNationalForest,1
SaltRiverWildHorses,1
sciencefiction,1
warmbodies,1
etcPB,1
1008pla,1
eonlinechat,1
1008planet,1
startrek,1
tos,1
Entertainment,1
BruceWillis,1
DVD,1
eBay,1
Auction,1
PREPPERS,1
DOOMSDAY,1
shtf,1
preppertalk,1
survival,1
2A,1
prepper,1
Christians,1
Israel,1
CUFI,1
preseasonworkouts,1
InterestRateRise,1
TheReal,1
Queens,1
FanArmyFaceOff,1
IndiaKoMunTorJawabDo,1
MTVSummerStar,1
NOWPLAYING,1
cbcto,1
Vegetarian,1
Vegan,1
GoVegan,1
UniteBlue,1
Spotlight,1
WNIAGospel,1
7NewsAdl,1
tbt,1
pugprobs,1
robotcoingame,1
Bitcoin,1
FreeBitcoin,1
WeLoveLA,1
NHLDucks,1
SportsRoadhouse,1
Colorado,1
Hockey,1
171,1
weddinghour,1
entretenimento,1
Video,1
124,1
BTS,1
Tb,1
throwback,1
SFGiants,1
DU19,1
Warcraft,1
LonePine,1
Gallipoli,1
WW1,1
NewsInTweets,1
frontpage,1
Bioterror,1
RickPerry,1
BreakingNews,1
dvd,1
Pathogen,1
Bioterrorism,1
Infectious,1
Ebola,1
digitalhealth,1
hcsm,1
raisinfingers,1
Family,1
Cleveland,1
StandUp,1
thisispublichealth,1
ArtisteOfTheWeekFact,1
Conversations,1
coast2coastdjs,1
Jiwonle,1
HipHop,1
ClubBanger,1
Weddings,1
stoponesounds,1
airwaves,1
Hinatobot,1
escorts,1
gfe,1
DUBAI,1
arizona,1
realestate,1
oomf,1
2fast2furious,1
SUN,1
Earth,1
CatfishMTV,1
WBC2015,1
Catfish,1
HarperANetflixShow,1
elxn42,1
stopharper,1
doping,1
ZippoLine,1
moveit,1
CLE,1
overwatch,1
LWB,1
SpeakingFromExperience,1
RolandoNaBeats,1
win,1
bbloggers,1
stephenking,1
thedarktower,1
boxing,1
bloodymonday,1
tvshowtime,1
mystery,1
MusicAdvisory,1
givebackkalinwhiteaccount,1
PiperWearsThePants,1
charmed,1
Republicans,1
9973,1
trollingtilMeekdiss,1
VuzuHustle,1
OVOFest,1
ZIPHIMUP,1
bestseller,1
concert,1
moving2k15,1
expertwhiner,1
cutekitten,1
catsofinstagram,1
summerinsweden,1
katt,1
katterpÌ,1
dumle,1
dagens,1
Norge2040,1
whatcanthedo,1
MLB,1
date,1
AfricansInSF,1
BeyondGPS,1
Collapse,1
Ashes,1
rdg,1
RedSox,1
myfitnesspal,1
CubsTalk,1
LetsFootball,1
letsFootball,1
fat,1
burnfat,1
skinny,1
workout,1
ika,1
tuning,1
diet,1
KCA,1
VoteJKT48ID,1
BooRadleyVanCullen,1
spain,1
FrancisUnderwood,1
HoC,1
casualties,1
Wave,1
Casualty,1
AIDS,1
amicospizzato,1
seeyouatamicos,1
Homealone2,1
film4,1
France,1
Russia,1
Diversification,1
pjnet,1
tcotåÊ,1
ccot,1
Borrowers,1
interest,1
catastrophe,1
iphone,1
twist,1
VMAs,1
PixelsMovie,1
spark,1
song,1
Catastrophe,1
Results,1
gbbo,1
Wolves,1
SaveDenaliWolves,1
real,1
PieceOfMe,1
Defendant,1
Catastrophic,1
watersafety,1
USAR2015,1
USAR15,1
RUOR,1
Savebees,1
yr,1
heat,1
cold,1
tough,1
crossfit,1
Humble,1
thinkpink,1
magichairbump,1
Internet,1
Nieuws,1
ROH3,1
JFB,1
TFB,1
alrasyid448ItuRasya,1
ROH3SmantiBatam,1
I,1
after,1
love,1
pluto,1
nlccollide,1
wogc,1
ISEA2015,1
wattys2015,1
Wattpad,1
teenfiction,1
ihave44episodesofGG,1
nojoke,1
yagitudeh,1
simple,1
Alaskaseafood,1
askforalaska,1
JustinBieber,1
HarryStyles,1
Cern,1
BODY,1
SHOP,1
gadgets,1
gadget,1
Windows10,1
modestmouseremix,1
truestory,1
loveyouuuu,1
aintsheperty,1
MrRobinson,1
TheSteveHarveyShow,1
Crush,1
EDWING,1
AyekoRadio,1
NetLabel,1
ElectronicMusic,1
listen,1
CCMusic,1
france,1
wine,1
DC,1
BC,1
freedom,1
donthate,1
BC19,1
rewatchingthepilot,1
TeamScorpion,1
Cyclone,1
Camera,1
Art,1
Photography,1
0215,1
Vanuatu,1
OOTD,1
DoubleGhats,1
NP,1
pussy,1
ass,1
boobs,1
asian,1
nude,1
QueensWharf,1
Brisbane,1
Govt,1
Ethical,1
danger,1
st,1
nonprofit,1
IWasDisappointedBy,1
dead,1
summerfate,1
PapiiChampoo,1
Mullah,1
superfood,1
AdiosSuperBacterias,1
baking,1
cakes,1
legionstrackandfield,1
king,1
Deluge,1
Dumuzid,1
Bible,1
UnFML,1
deluge,1
GISHWHES,1
b2b,1
b2bagency,1
ContentMarketing,1
asae15,1
assnchat,1
MeditationByMSG,1
novalismi,1
badotweet,1
inspiration,1
Manhood,1
Android,1
androidgames,1
gameinsight,1
Babri,1
charminar,1
Telangana,1
funtimes,1
demolished,1
Patriots,1
CantMakeItUp,1
PatriotsNation,1
Workers,1
Halifax,1
burnaby,1
changefortheworse,1
WMATA,1
Metro,1
sms,1
FreeSikhPoliticalPrisnors,1
coya,1
london,1
blacklivesmatter,1
DONZILLA,1
Trump2016,1
Adani,1
Modi,1
illustration,1
subway,1
writing,1
TaxReturn,1
CRI,1
robertwelch,1
OnThisDay,1
FREE,1
Thriller,1
Suspense,1
amreading,1
listia,1
Phoenix,1
Arizona,1
ORShow,1
cliptv,1
desolationofsmaug,1
poze,1
thehobbit,1
Ashes2Ashes,1
ShantaeForSmash,1
Shantae,1
ShantaeHalfGenieHero,1
Nintendo,1
YIAYplan,1
Luck,1
ReggaeBoyz,1
copped,1
beconfident,1
AshesToAshes,1
FN,1
teen,1
milf,1
GH,1
Takecare,1
fly,1
bored,1
cats,1
destruction,1
badkitty,1
Russian,1
ThingsIhate,1
JTW,1
ORapInforma,1
HHBU,1
soundcloud,1
RossBarton,1
ashes2015,1
momneedscoffee,1
asap,1
iwontmakeit,1
Benediction,1
SanelessTheory,1
thriller,1
SciFi,1
StrategicPatience,1
Genocide,1
rain,1
scwx,1
drought,1
CADrought,1
LakeIsabella,1
Live,1
AllTheKidneyBeansAndSorbet4Misha,1
YES,1
wattpad,1
promo,1
summer2k15,1
ICYMI,1
Annoucement,1
NashsNewVideo,1
anxietyproblems,1
Islamic,1
state,1
brochure,1
bomb,1
cogXbox,1
XboxOne,1
Xbox,1
euroquake,1
bb17,1
USGS,1
SM,1
Sismo,1
CS,1
Borderlands,1
Borderlands2,1
OOCVG,1
FTW,1
Red,1
Redblood,1
videoclip,1
SouthKorea,1
37592,1
international,1
drjustinmazur,1
tookitlikeaman,1
lovemydentist,1
sore,1
Anchorage,1
Alaska,1
ProtectDenaliWolves,1
Retail,1
nbc15,1
Families,1
autism,1
specialneeds,1
Torrance,1
followme,1
RN,1
Emergency,1
Henderson,1
Tarzana,1
LiteraryCakes,1
boycottBears,1
Tanzania,1
whocares,1
nazis,1
TRC,1
feelingmanly,1
hitting,1
load,1
hotnewscake,1
pets,1
dogs,1
animals,1
38745,1
dating,1
meet,1
WORSTSUMMERJOB,1
cum,1
BitCoin,1
Hangout,1
Tampa,1
dcubecrafts,1
greetingcards,1
Eyewitness,1
UGC,1
BokoHaram,1
IARTG,1
RWA,1
tw4rw,1
RRBC,1
Dynamix,1
education,1
econom,1
HSE,1
GGIndependencMessage,1
VisionZero,1
Mystery,1
Paranormal,1
PerryChat,1
BlackInAmerica,1
GrowingUpBlack,1
ChooseGod,1
RestoringPaths,1
TheXFiles201Days,1
BestTalkRadio,1
deltachildren,1
instaquote,1
quoteoftheday,1
Disney,1
WaltDisney,1
auction,1
CanonBringIt,1
Fire,1
CanonTattoo,1
MN,1
TheresMoreWhereThatCameFrom,1
euro,1
dontexpectnothing,1
july,1
fire,1
RFP,1
fireman,1
filipino,1
LukeBox,1
charity,1
run,1
SmartTek,1
mPERS,1
safety,1
gisuserPR,1
geoTech,1
paramedic,1
EMS,1
SBNation,1
Flames,1
PortgassDK,1
RubyBot,1
muaytai,1
wantmyabsback,1
strong,1
CFC,1
Floored4,1
Flattened,1
Muppet,1
RobertCalifornia,1
thereisonlysex,1
HAIL,1
452,1
homeimprovement,1
Flooding,1
mmda,1
FrvrGrateful,1
jazz,1
Music,1
trees,1
deep,1
Lake,1
forest,1
SirMixAlot,1
WCW,1
ParkChat,1
CarlilesCanoeLivery,1
LoveMyJob,1
OTRATMETLIFE,1
PlannedParenthood,1
Lifestyle,1
Chelsea,1
Hazard,1
WE,1
WholeTeam3,1
WholesaleEnt,1
sustainable,1
what,1
tribal,1
foodscare,1
offers2go,1
NestleIndia,1
Magginoodle,1
ban,1
humanconsumption,1
greatbritishbakeoff,1
JAGM,1
TOW,1
mcgsecure,1
FlavorChargedTea,1
LH_movie,1
indiefilm,1
comingsoon,1
Porn,1
Clip,1
adult,1
tube,1
WakeUpFlorida,1
Floridians,1
TrophyHunt,1
golf,1
riders,1
GOP,1
DisabledVeterans,1
ThePartyofMeanness,1
chinadotcom,1
sports,1
USMNT,1
poster,1
ergo,1
cuff,1
Injury,1
PFT,1
NYG,1
NFL,1
Playoffs,1
TMS7,1
Worm,1
Mainstage,1
KRO,1
tech,1
Q99,1
Landslide,1
89X,1
landslide,1
skardu,1
kidsthesedays,1
e,1
baby,1
swim,1
parents,1
waterboarding,1
lava,1
shakeology,1
iPhone,1
034,1
Lightning,1
ActionMoviesTaughtUs,1
auspol,1
Wimbledon,1
FaroeIslands,1
Grindhouse,1
TexasChainsawMassacre,1
BeCarefulHarry,1
Giveaway,1
MasterChef,1
RT_4_A_MENTION,1
TY,1
Pitchwars,1
Drum,1
heavy,1
nasty,1
tangletalk,1
Amazon,1
140,1
3,1
winter,1
russian,1
cossack,1
HillaryClinton,1
Author,1
Interview,1
Gravity,1
Mom,1
TalkRadio,1
tomclancy,1
britishbakeoff,1
paulhollywood,1
mudslide,1
AskConnor,1
NoNuclearIran,1
BadIranDeal,1
fukushima,1
GE,1
robot,1
winechat,1
Subs,1
Chernobyl,1
RichHomeyDon,1
Swag,1
LIKES,1
fun,1
instagramers,1
KneelBot,1
LOL,1
gym,1
gymflow,1
gymtime,1
team,1
assassins,1
ovofest,1
MicheleBachman,1
GlobalWarming,1
Zimmerman,1
byebyesoundcloud,1
TeamHennessy,1
NJ,1
SLAB,1
Labour,1
Labourleadership,1
obliteration,1
Homosexuality,1
entrepreneur,1
management,1
leadership,1
smallbiz,1
CopaLibertadores,1
Pandemonium,1
BennyCapricon,1
Shestooyoung,1
cumshot,1
video,1
porno,1
free,1
justaguess,1
Deals_UK,1
autismawareness,1
TroubleOnMyMind,1
Royals,1
NatsNation,1
dream,1
magic,1
linden,1
HS2,1
romanticsuspense,1
BAYONETS,1
EvilEmpire,1
JadeHelm15,1
PP15000266818,1
pdx911,1
helpme,1
Facebook,1
strategy,1
Technology,1
technews,1
puledo_tech_update,1
Bangalore,1
Startups,1
in,1
wired,1
cc,1
amageddon,1
freespeech,1
emergency,1
procedures,1
06,1
24,1
09,1
CCOT,1
TCOT,1
IWK,1
lucky,1
NewRelease,1
Castle,1
Dutton,1
Abbott,1
LNP,1
CHOPPERGATE,1
BRONWYNBISHOP,1
AUSPOL,1
christianvalues,1
Turkish,1
Syrian,1
wedding,1
Age,1
KelbyTomlinson,1
NewBeginningsAnimalRescue,1
PPact,1
psychrewatch,1
summervibes,1
california,1
pitmix,1
rescued,1
brixton,1
banksy,1
happy,1
mybabies,1
Skyrim,1
enkelbiljett,1
menolippu,1
childhooddefined,1
menswear,1
urbanfashion,1
LoveIsLove,1
Baltimore,1
Rioting,1
YAHIstorical,1
UndergroundRailraod,1
crazyideascollege,1
p2,1
MTA,1
Sorrybutitstrue,1
yes,1
minions,1
CedarGlade2015,1
AddTexasToNext1DTour,1
FunnyDadCoach,1
IDOLS,1
22DAYS,1
WDYM,1
Thankyou,1
gas,1
cyber,1
EY,1
Somalia,1
follow,1
maps,1
kml,1
seismic,1
offshore,1
accidentalprophecy,1
sinkhole,1
piling,1
funny,1
priorities,1
TNA,1
DestinationIMPACT,1
goodbye,1
sinking,1
twins,1
wishlist,1
liveonstreamate,1
askH3cz,1
SirensIcebreaker,1
abc7eyewitness,1
HometownGlory,1
radio,1
painting,1
AoMS,1
ibooklove,1
bookboost,1
SouthDowns,1
Hampshire,1
Winter,1
photography,1
tree,1
treescape,1
treeporn,1
Rome,1
gamefeed,1
VideoGame,1
SportingGoods,1
Stretcher,1
preventative,1
CTS,1
ArrestpastorNganga,1
investing,1
money,1
gold,1
silver,1
tootrue,1
ThomasSMonson,1
LDS,1
Mormon,1
teamsurvivors,1
zombiefunrun2014,1
Autoinsurance,1
driverlesscars,1
Markets,1
Money,1
holomua,1
makinmemories,1
Chronicillness,1
MyLifeStory,1
LungCancer,1
Shanghai,1
China,1
Newsarama,1
Pakistan,1
Anti,1
Act,1
keepingtheviginaclean,1
metrofmtalk,1
DFIR,1
ThreatIntel,1
drones,1
privacy,1
BHUSA,1
PlayingNow,1
BLOODBOUND,1
JoeStrong,1
GoKitGo,1
thunder,1
SoothMySlumber,1
WATERMELOANN,1
populardemand,1
she,1
back,1
Oklahoma,1
Thunder,1
NBA,1
Durant,1
VivaArgentina,1
TornadoGiveaway,1
thebookclub,1
quotes,1
ZippedNews,1
entertainment,1
newsdict,1
NZ,1
HugoMatz,1
ptsdchat,1
gravitychat,1
Marijuana,1
PTSD,1
hempoil,1
cannabis,1
marijuana,1
FOAMed,1
FOAMcc,1
survivors,1
oneborn,1
snapchatselfie,1
wrongperson,1
VarageSale,1
theBargain,1
Fartanxiety,1
BBShelli,1
OKTXDUO,1
iHeartRadio,1
toosoon,1
TwisterLovesShania,1
elderly,1
companionship,1
care,1
Chester,1
Sydney,1
Aus,1
Tigers,1
orcot,1
orpol,1
CityofMemphis,1
LittleWomenLA,1
GrowingupBlack,1
InsaneLimits,1
plugin,1
gunsense,1
Mandela,1
Kick,1
Gunsense,1
ineedexposure,1
OjouBot,1
phone,1
gaming,1
tv,1
bookmobile,1
libraries,1
reading,1
bigbrother,1
ch4,1
FinsUp,1
Security,1
mantra,1
Whirlwind,1
RemyMarcel,1
FroFroFro,1
Titania,1
cantwaittoplayinminneapolis,1
picthis,1
Toronto,1
Vail,1
GalvNews,1
nook,1
books,1
TheBachelorette,1
insurance,1
WZBT,1
politics,1
txlege,1
twia,1
Hardball,1
datingtips,1
goodreads,1
NoMoreHandouts,1
KindleCountdown,1
MFRWauthor,1
MGTAB,1
9,1
JonathanFerrell,1
BishopFred,1
neverforget,1
c4news,1
artectura,1
pop2015,1
Nå¼36,1
music,1
playlist,1
YouTube,1
thatswhatfriendsarefor,1
til_now,1
CNBC,1
residualincome,1
mlm,1
wrecked,1
cnbc,1
topnews,1
whoops,1
FX,1
explodingkittens,1
